<?xml version = '1.0' encoding = 'UTF-8'?>
<Table class="oracle.dbtools.crest.model.design.relational.Table" directorySegmentName="seg_0" id="1EF8F446-F7EF-5988-1E64-7AB1B3618E35" name="T_VB_ESPECIALIDADE">
<createdBy>Murillo</createdBy>
<createdTime>2025-05-19 20:12:08 UTC</createdTime>
<generatorID>3471428B-D85F-C7F4-6F7F-71664A3B84FC</generatorID>
<ownerDesignName>bancodedados</ownerDesignName>
<allowColumnReorder>false</allowColumnReorder>
<existDependencyGenerateInDDl>true</existDependencyGenerateInDDl>
<parsed>true</parsed>
<columns itemClass="oracle.dbtools.crest.model.design.relational.Column">
<Column name="id_especialidade" id="C3013AFB-68FA-11FB-0F24-95742D3B1002">
<createdBy>Murillo</createdBy>
<createdTime>2025-05-19 20:12:08 UTC</createdTime>
<generatorID>599C8D70-9FDD-EC5F-E142-175B978EEB54</generatorID>
<ownerDesignName>bancodedados</ownerDesignName>
<useDomainConstraints>false</useDomainConstraints>
<use>1</use>
<logicalDatatype>LOGDT019</logicalDatatype>
<ownDataTypeParameters>,,</ownDataTypeParameters>
<autoIncrementCycle>false</autoIncrementCycle>
</Column>
<Column name="id_medico" id="1008E50C-AC5F-3D50-E967-4D08A3D90D20">
<createdBy>Murillo</createdBy>
<createdTime>2025-05-19 20:12:08 UTC</createdTime>
<generatorID>53036FFC-2DDA-EB13-DFE3-2611F9CAC941</generatorID>
<ownerDesignName>bancodedados</ownerDesignName>
<nullsAllowed>true</nullsAllowed>
<useDomainConstraints>false</useDomainConstraints>
<use>1</use>
<logicalDatatype>LOGDT019</logicalDatatype>
<dataTypePrecision>10</dataTypePrecision>
<ownDataTypeParameters>,10,</ownDataTypeParameters>
<autoIncrementCycle>false</autoIncrementCycle>
</Column>
<Column name="dt_formacao" id="A9647F38-2658-A90D-F2C4-0C573DCC822B">
<createdBy>Murillo</createdBy>
<createdTime>2025-05-19 20:12:08 UTC</createdTime>
<generatorID>EBC949FB-6D8B-38EB-9388-C39C94AA55B4</generatorID>
<ownerDesignName>bancodedados</ownerDesignName>
<nullsAllowed>true</nullsAllowed>
<useDomainConstraints>false</useDomainConstraints>
<use>1</use>
<logicalDatatype>LOGDT007</logicalDatatype>
<ownDataTypeParameters>,,</ownDataTypeParameters>
<autoIncrementCycle>false</autoIncrementCycle>
</Column>
<Column name="ds_titulo" id="807B0F4F-481F-6F42-475A-6C96C751A7EF">
<createdBy>Murillo</createdBy>
<createdTime>2025-05-19 20:12:08 UTC</createdTime>
<generatorID>E39A788C-575C-DCAE-B022-B93018C87E6C</generatorID>
<ownerDesignName>bancodedados</ownerDesignName>
<nullsAllowed>true</nullsAllowed>
<useDomainConstraints>false</useDomainConstraints>
<use>1</use>
<logicalDatatype>LOGDT024</logicalDatatype>
<dataTypeSize>100</dataTypeSize>
<ownDataTypeParameters>100,,</ownDataTypeParameters>
<autoIncrementCycle>false</autoIncrementCycle>
</Column>
<Column name="ds_historico" id="1F6BDBF7-D155-5051-A4C4-9CDF13C8E4C2">
<createdBy>Murillo</createdBy>
<createdTime>2025-05-19 20:12:08 UTC</createdTime>
<generatorID>50DBCDD6-4803-DEAE-8EEE-51BB7402A4CC</generatorID>
<ownerDesignName>bancodedados</ownerDesignName>
<useDomainConstraints>false</useDomainConstraints>
<use>1</use>
<logicalDatatype>LOGDT024</logicalDatatype>
<ownDataTypeParameters>,,</ownDataTypeParameters>
<autoIncrementCycle>false</autoIncrementCycle>
</Column>
<Column name="T_VB_MEDICO_id_medico" id="39E1C8F8-ECCC-475B-068B-4293E39CFEEE">
<createdBy>Murillo</createdBy>
<createdTime>2025-05-19 20:12:08 UTC</createdTime>
<generatorID>9271FBE9-BF8E-F18F-CF14-7BC8CB62C45E</generatorID>
<ownerDesignName>bancodedados</ownerDesignName>
<useDomainConstraints>false</useDomainConstraints>
<use>1</use>
<logicalDatatype>LOGDT019</logicalDatatype>
<dataTypePrecision>10</dataTypePrecision>
<ownDataTypeParameters>,10,</ownDataTypeParameters>
<previousColumn>false</previousColumn>
<autoIncrementCycle>false</autoIncrementCycle>
<associations>
<colAssociation fkAssociation="0F266E09-A2E9-68C2-8F42-DCBDA9A48E8F" referredColumn="C9EBDDC8-9FDA-8EEB-A033-01E923636FB9"/>
</associations>
</Column>
</columns>
<indexes itemClass="oracle.dbtools.crest.model.design.relational.Index">
<ind_PK_UK id="258050EB-B6B5-1E29-B1F2-BB4E31B958FC" name="T_VB_ESPECIALIDADE_PK">
<createdBy>Murillo</createdBy>
<createdTime>2025-05-19 20:12:08 UTC</createdTime>
<generatorID>F9DF82F6-2885-A848-D5ED-61A693487F9C</generatorID>
<ownerDesignName>bancodedados</ownerDesignName>
<pk>true</pk>
<indexState>Primary Constraint</indexState>
<isSurrogateKey>false</isSurrogateKey>
<indexColumnUsage>
<colUsage columnID="C3013AFB-68FA-11FB-0F24-95742D3B1002"/>
</indexColumnUsage>
</ind_PK_UK>
<ind_PK_UK id="18903C1F-114C-A23B-57FC-4700DBA928E5" name="T_VB_ESPECIALIDADE_T_VB_MEDICO_FK">
<createdBy>Murillo</createdBy>
<createdTime>2025-05-19 20:12:08 UTC</createdTime>
<generatorID>5888A7BB-64C3-05CC-D0AC-4691FF83F179</generatorID>
<ownerDesignName>bancodedados</ownerDesignName>
<indexState>Foreign Key</indexState>
<isSurrogateKey>false</isSurrogateKey>
<indexColumnUsage>
<colUsage columnID="39E1C8F8-ECCC-475B-068B-4293E39CFEEE"/>
</indexColumnUsage>
</ind_PK_UK>
</indexes>
</Table>
