<?xml version = '1.0' encoding = 'UTF-8'?>
<Table class="oracle.dbtools.crest.model.design.relational.Table" directorySegmentName="seg_0" id="3B05E902-2403-BEDD-DE2F-BD48F0B7280F" name="T_VB_PACIENTE">
<createdBy>Murillo</createdBy>
<createdTime>2025-05-19 20:12:08 UTC</createdTime>
<generatorID>F4D480A8-8EC5-C75D-0253-891BDC062181</generatorID>
<ownerDesignName>bancodedados</ownerDesignName>
<allowColumnReorder>false</allowColumnReorder>
<existDependencyGenerateInDDl>true</existDependencyGenerateInDDl>
<parsed>true</parsed>
<columns itemClass="oracle.dbtools.crest.model.design.relational.Column">
<Column name="id_paciente" id="EC7B5500-93BD-F0BE-8074-DDBD90EDD441">
<createdBy>Murillo</createdBy>
<createdTime>2025-05-19 20:12:08 UTC</createdTime>
<generatorID>1F0E3B4A-7A3B-CAB4-78A0-B9125266160D</generatorID>
<ownerDesignName>bancodedados</ownerDesignName>
<useDomainConstraints>false</useDomainConstraints>
<use>1</use>
<logicalDatatype>LOGDT019</logicalDatatype>
<dataTypePrecision>10</dataTypePrecision>
<ownDataTypeParameters>,10,</ownDataTypeParameters>
<autoIncrementCycle>false</autoIncrementCycle>
</Column>
<Column name="nm_paciente" id="4F8E06D9-6104-889A-9BA6-A3ABD92EABD3">
<createdBy>Murillo</createdBy>
<createdTime>2025-05-19 20:12:08 UTC</createdTime>
<generatorID>C9BF4AEA-9A1A-0DF2-4432-CF9BAEFE0BE6</generatorID>
<ownerDesignName>bancodedados</ownerDesignName>
<useDomainConstraints>false</useDomainConstraints>
<use>1</use>
<logicalDatatype>LOGDT024</logicalDatatype>
<dataTypeSize>100</dataTypeSize>
<ownDataTypeParameters>100,,</ownDataTypeParameters>
<autoIncrementCycle>false</autoIncrementCycle>
</Column>
<Column name="nr_cpf" id="CF69107A-148B-6413-C5C3-803BA9BD1D06">
<createdBy>Murillo</createdBy>
<createdTime>2025-05-19 20:12:08 UTC</createdTime>
<generatorID>A23518E6-995A-EAD6-8210-08CA7578FA91</generatorID>
<ownerDesignName>bancodedados</ownerDesignName>
<useDomainConstraints>false</useDomainConstraints>
<use>1</use>
<logicalDatatype>LOGDT019</logicalDatatype>
<dataTypePrecision>11</dataTypePrecision>
<ownDataTypeParameters>,11,</ownDataTypeParameters>
<autoIncrementCycle>false</autoIncrementCycle>
</Column>
<Column name="ds_endereco" id="12976FF9-F3E8-2280-BD91-0D1D3F8EA5F0">
<createdBy>Murillo</createdBy>
<createdTime>2025-05-19 20:12:08 UTC</createdTime>
<generatorID>BF1AAA77-C59D-EC70-52A8-0CCA19582E03</generatorID>
<ownerDesignName>bancodedados</ownerDesignName>
<useDomainConstraints>false</useDomainConstraints>
<use>1</use>
<logicalDatatype>LOGDT024</logicalDatatype>
<dataTypeSize>255</dataTypeSize>
<ownDataTypeParameters>255,,</ownDataTypeParameters>
<autoIncrementCycle>false</autoIncrementCycle>
</Column>
<Column name="nr_whatsapp" id="76D3AC1E-7CC7-B16A-73C7-34F960CFF9C2">
<createdBy>Murillo</createdBy>
<createdTime>2025-05-19 20:12:08 UTC</createdTime>
<generatorID>2A0A9A4C-B387-CD0D-6BCE-27CF80D8DB02</generatorID>
<ownerDesignName>bancodedados</ownerDesignName>
<useDomainConstraints>false</useDomainConstraints>
<use>1</use>
<logicalDatatype>LOGDT019</logicalDatatype>
<dataTypePrecision>20</dataTypePrecision>
<ownDataTypeParameters>,20,</ownDataTypeParameters>
<autoIncrementCycle>false</autoIncrementCycle>
</Column>
</columns>
<indexes itemClass="oracle.dbtools.crest.model.design.relational.Index">
<ind_PK_UK id="701F000D-3A64-5943-A9FF-DB8FC9F980A6" name="T_VB_PACIENTE_PK">
<createdBy>Murillo</createdBy>
<createdTime>2025-05-19 20:12:08 UTC</createdTime>
<generatorID>94D8D495-A193-0DB6-58DD-6C706694FAAD</generatorID>
<ownerDesignName>bancodedados</ownerDesignName>
<pk>true</pk>
<indexState>Primary Constraint</indexState>
<isSurrogateKey>false</isSurrogateKey>
<indexColumnUsage>
<colUsage columnID="EC7B5500-93BD-F0BE-8074-DDBD90EDD441"/>
</indexColumnUsage>
</ind_PK_UK>
</indexes>
</Table>
