<?xml version = '1.0' encoding = 'UTF-8'?>
<Table class="oracle.dbtools.crest.model.design.relational.Table" directorySegmentName="seg_0" id="999921A2-9ECE-0B58-6DA9-6F1360D63C2D" name="T_VB_LEMBRETE">
<createdBy>Murillo</createdBy>
<createdTime>2025-05-19 20:12:08 UTC</createdTime>
<generatorID>6780F8E6-9254-A442-6BC1-D299134BC154</generatorID>
<ownerDesignName>bancodedados</ownerDesignName>
<allowColumnReorder>false</allowColumnReorder>
<existDependencyGenerateInDDl>true</existDependencyGenerateInDDl>
<parsed>true</parsed>
<columns itemClass="oracle.dbtools.crest.model.design.relational.Column">
<Column name="id_lembrete" id="5BF5A301-A322-5C3A-A173-EBE3B905A04E">
<createdBy>Murillo</createdBy>
<createdTime>2025-05-19 20:12:08 UTC</createdTime>
<generatorID>AB0F26B4-B36A-4DA0-F7B8-12AE450B9532</generatorID>
<ownerDesignName>bancodedados</ownerDesignName>
<useDomainConstraints>false</useDomainConstraints>
<use>1</use>
<logicalDatatype>LOGDT019</logicalDatatype>
<dataTypePrecision>10</dataTypePrecision>
<ownDataTypeParameters>,10,</ownDataTypeParameters>
<autoIncrementCycle>false</autoIncrementCycle>
</Column>
<Column name="id_consulta" id="599268C6-7200-FDC2-B9C4-837AB318AB24">
<createdBy>Murillo</createdBy>
<createdTime>2025-05-19 20:12:08 UTC</createdTime>
<generatorID>8FE38EDE-FB87-48CA-69CC-36CC734B644A</generatorID>
<ownerDesignName>bancodedados</ownerDesignName>
<nullsAllowed>true</nullsAllowed>
<useDomainConstraints>false</useDomainConstraints>
<use>1</use>
<logicalDatatype>LOGDT019</logicalDatatype>
<dataTypePrecision>10</dataTypePrecision>
<ownDataTypeParameters>,10,</ownDataTypeParameters>
<autoIncrementCycle>false</autoIncrementCycle>
</Column>
<Column name="dt_envio" id="FCB7DD32-A7FD-4A83-3CE0-93FFF1FF2ECB">
<createdBy>Murillo</createdBy>
<createdTime>2025-05-19 20:12:08 UTC</createdTime>
<generatorID>69F4D2D5-6FD2-80C9-A6D4-B6DD5A46B0B9</generatorID>
<ownerDesignName>bancodedados</ownerDesignName>
<useDomainConstraints>false</useDomainConstraints>
<use>1</use>
<logicalDatatype>LOGDT007</logicalDatatype>
<ownDataTypeParameters>,,</ownDataTypeParameters>
<autoIncrementCycle>false</autoIncrementCycle>
</Column>
<Column name="tp_lembrete" id="ECA83DF0-3193-E816-24D2-03BAD643A76F">
<createdBy>Murillo</createdBy>
<createdTime>2025-05-19 20:12:08 UTC</createdTime>
<generatorID>BECDCA1E-3548-22E1-E169-0DB52B5EC051</generatorID>
<ownerDesignName>bancodedados</ownerDesignName>
<nullsAllowed>true</nullsAllowed>
<useDomainConstraints>false</useDomainConstraints>
<use>1</use>
<logicalDatatype>LOGDT024</logicalDatatype>
<dataTypeSize>20</dataTypeSize>
<ownDataTypeParameters>20,,</ownDataTypeParameters>
<autoIncrementCycle>false</autoIncrementCycle>
</Column>
<Column name="nr_whatsapp" id="CB552B92-DF76-B464-B7D2-53C8597AC109">
<createdBy>Murillo</createdBy>
<createdTime>2025-05-19 20:12:08 UTC</createdTime>
<generatorID>82F179A5-AD76-20D8-1932-13E6BDE514B8</generatorID>
<ownerDesignName>bancodedados</ownerDesignName>
<useDomainConstraints>false</useDomainConstraints>
<use>1</use>
<logicalDatatype>LOGDT019</logicalDatatype>
<dataTypePrecision>20</dataTypePrecision>
<ownDataTypeParameters>,20,</ownDataTypeParameters>
<autoIncrementCycle>false</autoIncrementCycle>
</Column>
<Column name="T_VB_WHATSAPP_id_whatsapp" id="EAF54DEF-9A0D-46FD-3B07-D861109F3206">
<createdBy>Murillo</createdBy>
<createdTime>2025-05-19 20:27:00 UTC</createdTime>
<generatorID>95D0361B-80CE-F2DD-183E-92D774FA603E</generatorID>
<ownerDesignName>bancodedados</ownerDesignName>
<useDomainConstraints>false</useDomainConstraints>
<use>1</use>
<logicalDatatype>LOGDT019</logicalDatatype>
<dataTypePrecision>10</dataTypePrecision>
<ownDataTypeParameters>,10,</ownDataTypeParameters>
<previousColumn>false</previousColumn>
<autoIncrementCycle>false</autoIncrementCycle>
</Column>
<Column name="T_VB_CONSULTA_id_consulta" id="4F180B97-4A8A-38BD-184E-1D57987FC9D5">
<createdBy>Murillo</createdBy>
<createdTime>2025-05-19 20:54:59 UTC</createdTime>
<generatorID>78FD1A8C-ED39-6427-CA16-E3DB46C33E14</generatorID>
<ownerDesignName>bancodedados</ownerDesignName>
<useDomainConstraints>false</useDomainConstraints>
<use>1</use>
<logicalDatatype>LOGDT019</logicalDatatype>
<dataTypePrecision>10</dataTypePrecision>
<ownDataTypeParameters>,10,</ownDataTypeParameters>
<previousColumn>false</previousColumn>
<autoIncrementCycle>false</autoIncrementCycle>
<associations>
<colAssociation fkAssociation="25B1A5D4-C2FC-9014-FB6B-2942E0289477" referredColumn="2DBAC456-00AF-0D83-B852-40C44DAD430B"/>
</associations>
</Column>
<Column name="id_paciente" id="9A4E36F0-CAD3-BDC3-5097-4E3D41D8039C">
<createdBy>Murillo</createdBy>
<createdTime>2025-05-19 20:55:29 UTC</createdTime>
<generatorID>B7F17DE4-BC83-2DE8-B573-2B19C41B0E18</generatorID>
<ownerDesignName>bancodedados</ownerDesignName>
<useDomainConstraints>false</useDomainConstraints>
<use>1</use>
<logicalDatatype>LOGDT019</logicalDatatype>
<ownDataTypeParameters>,,</ownDataTypeParameters>
<previousColumn>false</previousColumn>
<autoIncrementCycle>false</autoIncrementCycle>
</Column>
</columns>
<indexes itemClass="oracle.dbtools.crest.model.design.relational.Index">
<ind_PK_UK id="B80276D9-B40F-8DD9-353D-48C108CB21C2" name="T_VB_LEMBRETE_PK">
<createdBy>Murillo</createdBy>
<createdTime>2025-05-19 20:12:08 UTC</createdTime>
<generatorID>613B3D83-B5DB-19E8-4F9F-E6ABE5CD6D3E</generatorID>
<ownerDesignName>bancodedados</ownerDesignName>
<pk>true</pk>
<indexState>Primary Constraint</indexState>
<isSurrogateKey>false</isSurrogateKey>
<indexColumnUsage>
<colUsage columnID="5BF5A301-A322-5C3A-A173-EBE3B905A04E"/>
</indexColumnUsage>
</ind_PK_UK>
<ind_PK_UK id="734A6C77-B472-10FC-249F-04F4955CEE1B" name="T_VB_LEMBRETE_T_VB_CONSULTA_FK">
<createdBy>Murillo</createdBy>
<createdTime>2025-05-19 20:54:59 UTC</createdTime>
<generatorID>57B339DD-05B7-40C5-63FE-BD31D7752C15</generatorID>
<ownerDesignName>bancodedados</ownerDesignName>
<indexState>Foreign Key</indexState>
<isSurrogateKey>false</isSurrogateKey>
<indexColumnUsage>
<colUsage columnID="4F180B97-4A8A-38BD-184E-1D57987FC9D5"/>
</indexColumnUsage>
</ind_PK_UK>
</indexes>
</Table>
