<?xml version = '1.0' encoding = 'UTF-8'?>
<Relation class="oracle.dbtools.crest.model.design.logical.Relation" name="T VB ESPECIALIDADE T VB MEDICO FK" directorySegmentName="seg_0" id="5888A7BB-64C3-05CC-D0AC-4691FF83F179">
<createdBy>Murillo</createdBy>
<createdTime>2025-05-19 19:59:30 UTC</createdTime>
<ownerDesignName>bancodedados</ownerDesignName>
<engineerTo>
<item key="D0196102-FF19-ED31-9967-DD10119CFB0C" value="true"/>
</engineerTo>
<sourcePk>2F3D8989-47E5-9447-2E85-8EAA5C2300EC</sourcePk>
<identifying>false</identifying>
<optionalSource>true</optionalSource>
<optionalTarget>false</optionalTarget>
<sourceCardinality>1</sourceCardinality>
<sourceEntity>F9A48AC9-63C2-EC4E-4616-97E4F5ADB228</sourceEntity>
<targetCardinalityString>*</targetCardinalityString>
<targetEntity>3471428B-D85F-C7F4-6F7F-71664A3B84FC</targetEntity>
<transferable>true</transferable>
<deleteRule>NO ACTION</deleteRule>
</Relation>
