<?xml version = '1.0' encoding = 'UTF-8'?>
<Relation class="oracle.dbtools.crest.model.design.logical.Relation" name="T_VB_CONSULTA_PACIENTE" directorySegmentName="seg_0" id="A81A89AB-9054-C8F5-091B-51E14AF6626A">
<createdBy>Murillo</createdBy>
<createdTime>2025-05-19 20:25:24 UTC</createdTime>
<ownerDesignName>bancodedados</ownerDesignName>
<engineerTo>
<item key="D0196102-FF19-ED31-9967-DD10119CFB0C" value="true"/>
</engineerTo>
<sourcePk>94D8D495-A193-0DB6-58DD-6C706694FAAD</sourcePk>
<identifying>false</identifying>
<optionalSource>true</optionalSource>
<optionalTarget>false</optionalTarget>
<sourceCardinality>1</sourceCardinality>
<sourceEntity>F4D480A8-8EC5-C75D-0253-891BDC062181</sourceEntity>
<targetCardinalityString>*</targetCardinalityString>
<targetEntity>6F6F49CD-4D54-00EA-A44E-F5A06CCAC372</targetEntity>
<transferable>true</transferable>
<deleteRule>NO ACTION</deleteRule>
</Relation>
