<?xml version = '1.0' encoding = 'UTF-8'?>
<Diagram class="oracle.dbtools.crest.swingui.relational.DPVRelational" name="Relational_1" id="5355B058-C748-0AF5-6E40-83E703652584">
<createdBy>Murillo</createdBy>
<modifiedBy>Murillo</modifiedBy>
<createdTime>2025-05-19 20:12:08 UTC</createdTime>
<autoRoute>false</autoRoute>
<boxInbox>true</boxInbox>
<showLegend>false</showLegend>
<showLabels>false</showLabels>
<showRelAttributes>false</showRelAttributes>
<gridEnabled>false</gridEnabled>
<showGrid>false</showGrid>
<diagramColor>-1</diagramColor>
<display>false</display>
<notation>1</notation>
<objectViews>
<OView class="oracle.dbtools.crest.swingui.relational.TVTable" oid="1EF8F446-F7EF-5988-1E64-7AB1B3618E35" otype="Table" vid="8A92F229-F697-AC01-8D49-4FB39B24B23B">
<hideElementsInCurrentOnly>false</hideElementsInCurrentOnly>
<bounds x="982" y="70" width="261" height="130"/>
</OView>
<OView class="oracle.dbtools.crest.swingui.relational.TVTable" oid="3B05E902-2403-BEDD-DE2F-BD48F0B7280F" otype="Table" vid="B752DF74-F125-AD4F-56F7-1D6FD5C6DCC6">
<hideElementsInCurrentOnly>false</hideElementsInCurrentOnly>
<bounds x="432" y="83" width="211" height="116"/>
</OView>
<OView class="oracle.dbtools.crest.swingui.relational.TVTable" oid="5CADB272-A8C8-03FD-607A-60940C25DF79" otype="Table" vid="D55FEB8A-F9C1-472C-BAA3-0D32A931E447">
<hideElementsInCurrentOnly>false</hideElementsInCurrentOnly>
<bounds x="599" y="286" width="253" height="200"/>
</OView>
<OView class="oracle.dbtools.crest.swingui.relational.TVTable" oid="999921A2-9ECE-0B58-6DA9-6F1360D63C2D" otype="Table" vid="01CAAD8E-9D81-E145-1DE5-DA6AF6FED3A2">
<hideElementsInCurrentOnly>false</hideElementsInCurrentOnly>
<bounds x="133" y="330" width="263" height="130"/>
</OView>
<OView class="oracle.dbtools.crest.swingui.relational.TVTable" oid="9C7A6FE6-ECD8-DA69-A111-3F96282DC481" otype="Table" vid="D1FB63BB-3E28-2275-794D-9E3F804E5EC8">
<hideElementsInCurrentOnly>false</hideElementsInCurrentOnly>
<bounds x="684" y="90" width="220" height="102"/>
</OView>
</objectViews>
<connectors>
<Connector class="oracle.dbtools.crest.swingui.relational.TVFKRelation" oid="0F266E09-A2E9-68C2-8F42-DCBDA9A48E8F" otype="FKIndexAssociation" vid_source="D1FB63BB-3E28-2275-794D-9E3F804E5EC8" vid_target="8A92F229-F697-AC01-8D49-4FB39B24B23B">
<hideElementsInCurrentOnly>false</hideElementsInCurrentOnly>
<backgroundColor>-16777216</backgroundColor>
<lineWidth>1</lineWidth>
<points>
<point x="904" y="141"/>
<point x="982" y="141"/>
</points>
</Connector>
<Connector class="oracle.dbtools.crest.swingui.relational.TVFKRelation" oid="25B1A5D4-C2FC-9014-FB6B-2942E0289477" otype="FKIndexAssociation" vid_source="D55FEB8A-F9C1-472C-BAA3-0D32A931E447" vid_target="01CAAD8E-9D81-E145-1DE5-DA6AF6FED3A2">
<hideElementsInCurrentOnly>false</hideElementsInCurrentOnly>
<backgroundColor>-16777216</backgroundColor>
<lineWidth>1</lineWidth>
<points>
<point x="599" y="395"/>
<point x="396" y="395"/>
</points>
</Connector>
<Connector class="oracle.dbtools.crest.swingui.relational.TVFKRelation" oid="5EC784C8-C5DF-D96C-6038-81A09C2EBD4D" otype="FKIndexAssociation" vid_source="D1FB63BB-3E28-2275-794D-9E3F804E5EC8" vid_target="D55FEB8A-F9C1-472C-BAA3-0D32A931E447">
<hideElementsInCurrentOnly>false</hideElementsInCurrentOnly>
<backgroundColor>-16777216</backgroundColor>
<lineWidth>1</lineWidth>
<points>
<point x="768" y="192"/>
<point x="768" y="286"/>
</points>
</Connector>
<Connector class="oracle.dbtools.crest.swingui.relational.TVFKRelation" oid="6FDB1EF5-732C-7146-21BB-911B83C12DAA" otype="FKIndexAssociation" vid_source="B752DF74-F125-AD4F-56F7-1D6FD5C6DCC6" vid_target="D55FEB8A-F9C1-472C-BAA3-0D32A931E447">
<hideElementsInCurrentOnly>false</hideElementsInCurrentOnly>
<backgroundColor>-16777216</backgroundColor>
<lineWidth>1</lineWidth>
<points>
<point x="621" y="199"/>
<point x="621" y="286"/>
</points>
</Connector>
</connectors>
</Diagram>
