<?xml version = '1.0' encoding = 'UTF-8'?>
<Diagram class="oracle.dbtools.crest.swingui.relational.DPVRelational" name="Relational_2" id="4185717F-A299-16C8-ACDD-A288AB28C666">
<createdBy>labsfiap</createdBy>
<modifiedBy>labsfiap</modifiedBy>
<createdTime>2025-05-20 12:45:26 UTC</createdTime>
<autoRoute>false</autoRoute>
<boxInbox>true</boxInbox>
<showLegend>false</showLegend>
<showLabels>false</showLabels>
<showRelAttributes>false</showRelAttributes>
<gridEnabled>false</gridEnabled>
<showGrid>false</showGrid>
<diagramColor>-1</diagramColor>
<display>false</display>
<notation>1</notation>
<objectViews>
<OView class="oracle.dbtools.crest.swingui.relational.TVTable" oid="04BBFA30-3345-DE16-1149-E4F6DE53E45B" otype="Table" vid="2CE64E73-22DE-B551-D9EE-717433F49708">
<hideElementsInCurrentOnly>false</hideElementsInCurrentOnly>
<bounds x="599" y="286" width="391" height="220"/>
</OView>
<OView class="oracle.dbtools.crest.swingui.relational.TVTable" oid="5A343700-B0CB-271D-678A-785E58FF3C04" otype="Table" vid="A5EE7888-653A-9042-A3FF-1511ED7176D4">
<hideElementsInCurrentOnly>false</hideElementsInCurrentOnly>
<bounds x="684" y="90" width="213" height="102"/>
</OView>
<OView class="oracle.dbtools.crest.swingui.relational.TVTable" oid="5D3B2005-A411-05A8-D49D-EC5AEDC6B332" otype="Table" vid="17BEDE94-C1DB-4F45-9EEB-67BC623CDBE9">
<hideElementsInCurrentOnly>false</hideElementsInCurrentOnly>
<bounds x="432" y="83" width="206" height="116"/>
</OView>
<OView class="oracle.dbtools.crest.swingui.relational.TVTable" oid="7AE198AD-3F43-E778-5A68-E62C9073FCFC" otype="Table" vid="33005628-1A35-5578-DE96-0B3DF71102C2">
<hideElementsInCurrentOnly>false</hideElementsInCurrentOnly>
<bounds x="127" y="310" width="398" height="136"/>
</OView>
<OView class="oracle.dbtools.crest.swingui.relational.TVTable" oid="B274A8C2-85C3-E3E0-20AC-4B19ABFDB38C" otype="Table" vid="D086A5A8-6432-D71D-7A08-37BB1CCFD5C0">
<hideElementsInCurrentOnly>false</hideElementsInCurrentOnly>
<bounds x="982" y="70" width="389" height="136"/>
</OView>
</objectViews>
<connectors>
<Connector class="oracle.dbtools.crest.swingui.relational.TVFKRelation" oid="2F0309C6-EF9E-991B-155F-6D1F9E314170" otype="FKIndexAssociation" vid_source="17BEDE94-C1DB-4F45-9EEB-67BC623CDBE9" vid_target="2CE64E73-22DE-B551-D9EE-717433F49708">
<hideElementsInCurrentOnly>false</hideElementsInCurrentOnly>
<backgroundColor>-16777216</backgroundColor>
<lineWidth>1</lineWidth>
<points>
<point x="633" y="199"/>
<point x="633" y="286"/>
</points>
</Connector>
<Connector class="oracle.dbtools.crest.swingui.relational.TVFKRelation" oid="30DE6D50-E3D1-ECC5-7801-E1B1E64CE147" otype="FKIndexAssociation" vid_source="A5EE7888-653A-9042-A3FF-1511ED7176D4" vid_target="2CE64E73-22DE-B551-D9EE-717433F49708">
<hideElementsInCurrentOnly>false</hideElementsInCurrentOnly>
<backgroundColor>-16777216</backgroundColor>
<lineWidth>1</lineWidth>
<points>
<point x="790" y="192"/>
<point x="790" y="286"/>
</points>
</Connector>
<Connector class="oracle.dbtools.crest.swingui.relational.TVFKRelation" oid="BEDDE97D-66F0-A722-CA42-086DA5764D32" otype="FKIndexAssociation" vid_source="A5EE7888-653A-9042-A3FF-1511ED7176D4" vid_target="D086A5A8-6432-D71D-7A08-37BB1CCFD5C0">
<hideElementsInCurrentOnly>false</hideElementsInCurrentOnly>
<backgroundColor>-16777216</backgroundColor>
<lineWidth>1</lineWidth>
<points>
<point x="897" y="156"/>
<point x="982" y="156"/>
</points>
</Connector>
<Connector class="oracle.dbtools.crest.swingui.relational.TVFKRelation" oid="CADF81C3-BF6A-9461-A827-021D8E3AE864" otype="FKIndexAssociation" vid_source="2CE64E73-22DE-B551-D9EE-717433F49708" vid_target="33005628-1A35-5578-DE96-0B3DF71102C2">
<hideElementsInCurrentOnly>false</hideElementsInCurrentOnly>
<backgroundColor>-16777216</backgroundColor>
<lineWidth>1</lineWidth>
<points>
<point x="599" y="393"/>
<point x="525" y="393"/>
</points>
</Connector>
</connectors>
</Diagram>
