<?xml version = '1.0' encoding = 'UTF-8'?>
<Diagram class="oracle.dbtools.crest.swingui.logical.DPVLogical" name="Logical" id="F6F38E1C-943E-09FA-78B9-D7CB171BABE5">
<createdBy>Murillo</createdBy>
<modifiedBy>Murillo</modifiedBy>
<createdTime>2025-05-19 19:16:11 UTC</createdTime>
<autoRoute>false</autoRoute>
<boxInbox>true</boxInbox>
<showLegend>false</showLegend>
<showLabels>false</showLabels>
<showRelAttributes>false</showRelAttributes>
<gridEnabled>false</gridEnabled>
<showGrid>false</showGrid>
<diagramColor>-1</diagramColor>
<display>false</display>
<notation>2</notation>
<objectViews>
<OView class="oracle.dbtools.crest.swingui.logical.TVEntity" oid="3471428B-D85F-C7F4-6F7F-71664A3B84FC" otype="Entity" vid="BC627363-23F3-A3FB-3278-0A1BCAD1B8E2">
<hideElementsInCurrentOnly>false</hideElementsInCurrentOnly>
<bounds x="982" y="70" width="261" height="130"/>
</OView>
<OView class="oracle.dbtools.crest.swingui.logical.TVEntity" oid="6780F8E6-9254-A442-6BC1-D299134BC154" otype="Entity" vid="EE478B5F-9A26-5CE3-6D1D-78501B7F93A0">
<hideElementsInCurrentOnly>false</hideElementsInCurrentOnly>
<bounds x="127" y="310" width="263" height="130"/>
</OView>
<OView class="oracle.dbtools.crest.swingui.logical.TVEntity" oid="6F6F49CD-4D54-00EA-A44E-F5A06CCAC372" otype="Entity" vid="C83718FA-CE6F-B1DA-98F6-D71FF7290C91">
<hideElementsInCurrentOnly>false</hideElementsInCurrentOnly>
<bounds x="599" y="286" width="253" height="200"/>
</OView>
<OView class="oracle.dbtools.crest.swingui.logical.TVEntity" oid="F4D480A8-8EC5-C75D-0253-891BDC062181" otype="Entity" vid="90A73211-F28C-1C2D-E5B3-C1993612102C">
<hideElementsInCurrentOnly>false</hideElementsInCurrentOnly>
<bounds x="432" y="83" width="211" height="116"/>
</OView>
<OView class="oracle.dbtools.crest.swingui.logical.TVEntity" oid="F9A48AC9-63C2-EC4E-4616-97E4F5ADB228" otype="Entity" vid="2A1499FF-05AF-EA17-5A31-92E296092664">
<hideElementsInCurrentOnly>false</hideElementsInCurrentOnly>
<bounds x="684" y="90" width="220" height="102"/>
</OView>
</objectViews>
<connectors>
<Connector class="oracle.dbtools.crest.swingui.logical.TVRelation" oid="57B339DD-05B7-40C5-63FE-BD31D7752C15" otype="Relation" vid_source="C83718FA-CE6F-B1DA-98F6-D71FF7290C91" vid_target="EE478B5F-9A26-5CE3-6D1D-78501B7F93A0">
<hideElementsInCurrentOnly>false</hideElementsInCurrentOnly>
<backgroundColor>-16777216</backgroundColor>
<lineWidth>1</lineWidth>
<points>
<point x="599" y="375"/>
<point x="390" y="375"/>
</points>
</Connector>
<Connector class="oracle.dbtools.crest.swingui.logical.TVRelation" oid="5888A7BB-64C3-05CC-D0AC-4691FF83F179" otype="Relation" vid_source="2A1499FF-05AF-EA17-5A31-92E296092664" vid_target="BC627363-23F3-A3FB-3278-0A1BCAD1B8E2">
<hideElementsInCurrentOnly>false</hideElementsInCurrentOnly>
<backgroundColor>-16777216</backgroundColor>
<lineWidth>1</lineWidth>
<points>
<point x="904" y="141"/>
<point x="982" y="141"/>
</points>
</Connector>
<Connector class="oracle.dbtools.crest.swingui.logical.TVRelation" oid="92DD23A2-B366-0FF8-DAB4-430421687E50" otype="Relation" vid_source="2A1499FF-05AF-EA17-5A31-92E296092664" vid_target="C83718FA-CE6F-B1DA-98F6-D71FF7290C91">
<hideElementsInCurrentOnly>false</hideElementsInCurrentOnly>
<backgroundColor>-16777216</backgroundColor>
<lineWidth>1</lineWidth>
<points>
<point x="768" y="192"/>
<point x="768" y="286"/>
</points>
</Connector>
<Connector class="oracle.dbtools.crest.swingui.logical.TVRelation" oid="A81A89AB-9054-C8F5-091B-51E14AF6626A" otype="Relation" vid_source="90A73211-F28C-1C2D-E5B3-C1993612102C" vid_target="C83718FA-CE6F-B1DA-98F6-D71FF7290C91">
<hideElementsInCurrentOnly>false</hideElementsInCurrentOnly>
<backgroundColor>-16777216</backgroundColor>
<lineWidth>1</lineWidth>
<points>
<point x="621" y="199"/>
<point x="621" y="286"/>
</points>
</Connector>
</connectors>
</Diagram>
