<?xml version = '1.0' encoding = 'UTF-8'?>
<FKIndexAssociation class="oracle.dbtools.crest.model.design.relational.FKIndexAssociation" directorySegmentName="seg_0" id="0F266E09-A2E9-68C2-8F42-DCBDA9A48E8F" containerWithKeyObject="1EF8F446-F7EF-5988-1E64-7AB1B3618E35" localFKIndex="18903C1F-114C-A23B-57FC-4700DBA928E5" name="T_VB_ESPECIALIDADE_T_VB_MEDICO_FK">
<createdBy>Murillo</createdBy>
<createdTime>2025-05-19 20:12:08 UTC</createdTime>
<generatorID>5888A7BB-64C3-05CC-D0AC-4691FF83F179</generatorID>
<ownerDesignName>bancodedados</ownerDesignName>
<referredTableLongName>T_VB_MEDICO</referredTableLongName>
<deleteRule>NO ACTION</deleteRule>
<referredTableID>9C7A6FE6-ECD8-DA69-A111-3F96282DC481</referredTableID>
<keyObject>F3B09692-7771-B795-24FB-3937CF98FBC5</keyObject>
<referredKeyID>F3B09692-7771-B795-24FB-3937CF98FBC5</referredKeyID>
<mandatory>true</mandatory>
<refColNames>id_medico</refColNames>
<transferable>true</transferable>
<rely>false</rely>
<columnDependencyConstraintGenerateInDDL>true</columnDependencyConstraintGenerateInDDL>
</FKIndexAssociation>