<?xml version = '1.0' encoding = 'UTF-8'?>
<FKIndexAssociation class="oracle.dbtools.crest.model.design.relational.FKIndexAssociation" directorySegmentName="seg_0" id="25B1A5D4-C2FC-9014-FB6B-2942E0289477" containerWithKeyObject="999921A2-9ECE-0B58-6DA9-6F1360D63C2D" localFKIndex="734A6C77-B472-10FC-249F-04F4955CEE1B" name="T_VB_LEMBRETE_T_VB_CONSULTA_FK">
<createdBy>Murillo</createdBy>
<createdTime>2025-05-19 20:54:59 UTC</createdTime>
<generatorID>57B339DD-05B7-40C5-63FE-BD31D7752C15</generatorID>
<ownerDesignName>bancodedados</ownerDesignName>
<referredTableLongName>T_VB_CONSULTA</referredTableLongName>
<deleteRule>NO ACTION</deleteRule>
<referredTableID>5CADB272-A8C8-03FD-607A-60940C25DF79</referredTableID>
<keyObject>4973FCC8-43F4-7119-9A31-1150D5CC17B8</keyObject>
<referredKeyID>4973FCC8-43F4-7119-9A31-1150D5CC17B8</referredKeyID>
<mandatory>true</mandatory>
<refColNames>id_consulta</refColNames>
<transferable>true</transferable>
<rely>false</rely>
<columnDependencyConstraintGenerateInDDL>true</columnDependencyConstraintGenerateInDDL>
</FKIndexAssociation>
