<?xml version = '1.0' encoding = 'UTF-8'?>
<FKIndexAssociation class="oracle.dbtools.crest.model.design.relational.FKIndexAssociation" directorySegmentName="seg_0" id="5EC784C8-C5DF-D96C-6038-81A09C2EBD4D" containerWithKeyObject="5CADB272-A8C8-03FD-607A-60940C25DF79" localFKIndex="29A6D3AD-8214-E83B-6CF7-C285482B93AB" name="T_VB_CONSULTA_T_VB_MEDICO_FK">
<createdBy>Murillo</createdBy>
<createdTime>2025-05-19 20:27:00 UTC</createdTime>
<generatorID>92DD23A2-B366-0FF8-DAB4-430421687E50</generatorID>
<ownerDesignName>bancodedados</ownerDesignName>
<referredTableLongName>T_VB_MEDICO</referredTableLongName>
<deleteRule>NO ACTION</deleteRule>
<referredTableID>9C7A6FE6-ECD8-DA69-A111-3F96282DC481</referredTableID>
<keyObject>F3B09692-7771-B795-24FB-3937CF98FBC5</keyObject>
<referredKeyID>F3B09692-7771-B795-24FB-3937CF98FBC5</referredKeyID>
<mandatory>true</mandatory>
<refColNames>id_medico</refColNames>
<transferable>true</transferable>
<rely>false</rely>
<columnDependencyConstraintGenerateInDDL>true</columnDependencyConstraintGenerateInDDL>
</FKIndexAssociation>
