<?xml version = '1.0' encoding = 'UTF-8'?>
<Table class="oracle.dbtools.crest.model.design.relational.Table" directorySegmentName="seg_0" id="04BBFA30-3345-DE16-1149-E4F6DE53E45B" name="T_VB_CONSULTA">
<createdBy>labsfiap</createdBy>
<createdTime>2025-05-20 12:46:36 UTC</createdTime>
<generatorID>6F6F49CD-4D54-00EA-A44E-F5A06CCAC372</generatorID>
<ownerDesignName>bancodedados</ownerDesignName>
<allowColumnReorder>false</allowColumnReorder>
<existDependencyGenerateInDDl>true</existDependencyGenerateInDDl>
<parsed>true</parsed>
<columns itemClass="oracle.dbtools.crest.model.design.relational.Column">
<Column name="id_consulta" id="3B26247D-6127-055F-2B87-25068AD60945">
<createdBy>labsfiap</createdBy>
<createdTime>2025-05-20 12:46:36 UTC</createdTime>
<generatorID>C272BFD9-5D51-CD75-2A83-7025F040BDC4</generatorID>
<ownerDesignName>bancodedados</ownerDesignName>
<useDomainConstraints>false</useDomainConstraints>
<use>1</use>
<logicalDatatype>LOGDT019</logicalDatatype>
<dataTypePrecision>10</dataTypePrecision>
<ownDataTypeParameters>,10,</ownDataTypeParameters>
<autoIncrementCycle>false</autoIncrementCycle>
</Column>
<Column name="T_VB_PACIENTE_id_paciente" id="E8DEB6C0-430D-EF4A-98CE-26217AC3D9DC">
<createdBy>labsfiap</createdBy>
<createdTime>2025-05-20 12:46:36 UTC</createdTime>
<generatorID>BCD11F83-844A-586B-E59F-4EEDCBBBE96F</generatorID>
<ownerDesignName>bancodedados</ownerDesignName>
<useDomainConstraints>false</useDomainConstraints>
<use>1</use>
<logicalDatatype>LOGDT019</logicalDatatype>
<dataTypePrecision>10</dataTypePrecision>
<ownDataTypeParameters>,,</ownDataTypeParameters>
<previousColumn>false</previousColumn>
<autoIncrementCycle>false</autoIncrementCycle>
<associations>
<colAssociation fkAssociation="2F0309C6-EF9E-991B-155F-6D1F9E314170" referredColumn="C8A97F8A-96DB-B47A-930E-8614BE03BC2C"/>
</associations>
</Column>
<Column name="T_VB_MEDICO_id_medico" id="9DA11853-03C7-8430-2B9E-0B8AA85389EB">
<createdBy>labsfiap</createdBy>
<createdTime>2025-05-20 12:46:36 UTC</createdTime>
<generatorID>CB202586-4E16-2C3B-48D1-B5F95E3FBDC7</generatorID>
<ownerDesignName>bancodedados</ownerDesignName>
<useDomainConstraints>false</useDomainConstraints>
<use>1</use>
<logicalDatatype>LOGDT019</logicalDatatype>
<dataTypePrecision>10</dataTypePrecision>
<ownDataTypeParameters>,,</ownDataTypeParameters>
<previousColumn>false</previousColumn>
<autoIncrementCycle>false</autoIncrementCycle>
<associations>
<colAssociation fkAssociation="30DE6D50-E3D1-ECC5-7801-E1B1E64CE147" referredColumn="B45DCC35-2051-D3A9-ED26-BDA2F742A069"/>
</associations>
</Column>
<Column name="dt_consulta" id="BD157215-5404-4FE3-A792-7B3C7B38DA0B">
<createdBy>labsfiap</createdBy>
<createdTime>2025-05-20 12:46:36 UTC</createdTime>
<generatorID>FCECC325-4A80-4659-24D2-99DDB9ECBFA0</generatorID>
<ownerDesignName>bancodedados</ownerDesignName>
<useDomainConstraints>false</useDomainConstraints>
<use>1</use>
<logicalDatatype>LOGDT007</logicalDatatype>
<ownDataTypeParameters>,,</ownDataTypeParameters>
<autoIncrementCycle>false</autoIncrementCycle>
</Column>
<Column name="dt_fim" id="8AD2A1D9-7B4B-D4C7-09D0-409A522DACCF">
<createdBy>labsfiap</createdBy>
<createdTime>2025-05-20 12:46:36 UTC</createdTime>
<generatorID>FB59F6F5-9223-488B-BCD9-8AF430DA9AE0</generatorID>
<ownerDesignName>bancodedados</ownerDesignName>
<nullsAllowed>true</nullsAllowed>
<use>0</use>
<ownDataTypeParameters>,,</ownDataTypeParameters>
<autoIncrementCycle>false</autoIncrementCycle>
</Column>
<Column name="hr_consulta" id="7BAD70E0-CBC9-9C80-4283-EA9C8250A154">
<createdBy>labsfiap</createdBy>
<createdTime>2025-05-20 12:46:36 UTC</createdTime>
<generatorID>ABD8CD52-A6BC-DB41-598E-DA68E54FFB11</generatorID>
<ownerDesignName>bancodedados</ownerDesignName>
<useDomainConstraints>false</useDomainConstraints>
<use>1</use>
<logicalDatatype>LOGDT024</logicalDatatype>
<dataTypeSize>5</dataTypeSize>
<ownDataTypeParameters>5,,</ownDataTypeParameters>
<autoIncrementCycle>false</autoIncrementCycle>
</Column>
<Column name="lk_acesso" id="8764C2D8-3464-CBFE-806F-30002ABCFD45">
<createdBy>labsfiap</createdBy>
<createdTime>2025-05-20 12:46:36 UTC</createdTime>
<generatorID>1C055E98-8543-9EBC-0987-631803ED152A</generatorID>
<ownerDesignName>bancodedados</ownerDesignName>
<useDomainConstraints>false</useDomainConstraints>
<use>1</use>
<logicalDatatype>LOGDT024</logicalDatatype>
<dataTypeSize>255</dataTypeSize>
<ownDataTypeParameters>255,,</ownDataTypeParameters>
<autoIncrementCycle>false</autoIncrementCycle>
</Column>
<Column name="st_consulta" id="83BADF5F-74D3-6278-8460-544A0D5F95B7">
<createdBy>labsfiap</createdBy>
<createdTime>2025-05-20 12:46:36 UTC</createdTime>
<generatorID>A5DA3CAB-0EB0-82AD-3961-31698CC66BE3</generatorID>
<ownerDesignName>bancodedados</ownerDesignName>
<useDomainConstraints>false</useDomainConstraints>
<use>1</use>
<logicalDatatype>LOGDT024</logicalDatatype>
<dataTypeSize>20</dataTypeSize>
<ownDataTypeParameters>20,,</ownDataTypeParameters>
<autoIncrementCycle>false</autoIncrementCycle>
</Column>
<Column name="tp_meio_atendimento" id="941F717D-4315-5D20-7918-107CFED8EE7A">
<createdBy>labsfiap</createdBy>
<createdTime>2025-05-20 12:46:36 UTC</createdTime>
<generatorID>AAF157B5-F49F-920C-D089-688716C80EA1</generatorID>
<ownerDesignName>bancodedados</ownerDesignName>
<nullsAllowed>true</nullsAllowed>
<useDomainConstraints>false</useDomainConstraints>
<use>1</use>
<logicalDatatype>LOGDT024</logicalDatatype>
<dataTypeSize>30</dataTypeSize>
<ownDataTypeParameters>30,,</ownDataTypeParameters>
<autoIncrementCycle>false</autoIncrementCycle>
</Column>
<Column name="ds_orientacao" id="C9169BF1-D359-3071-6686-B5B98F141A16">
<createdBy>labsfiap</createdBy>
<createdTime>2025-05-20 12:46:36 UTC</createdTime>
<generatorID>2CAD30DB-39FE-B076-5784-26DF546313B4</generatorID>
<ownerDesignName>bancodedados</ownerDesignName>
<useDomainConstraints>false</useDomainConstraints>
<use>1</use>
<logicalDatatype>LOGDT024</logicalDatatype>
<dataTypeSize>255</dataTypeSize>
<ownDataTypeParameters>255,,</ownDataTypeParameters>
<autoIncrementCycle>false</autoIncrementCycle>
</Column>
</columns>
<indexes itemClass="oracle.dbtools.crest.model.design.relational.Index">
<ind_PK_UK id="EB4B721B-F78B-E7D2-7638-C1FD083ADB6C" name="T_VB_CONSULTA_PK">
<createdBy>labsfiap</createdBy>
<createdTime>2025-05-20 12:46:36 UTC</createdTime>
<generatorID>311D84A1-0105-5544-9A54-4A092F08EB10</generatorID>
<ownerDesignName>bancodedados</ownerDesignName>
<pk>true</pk>
<indexState>Primary Constraint</indexState>
<isSurrogateKey>false</isSurrogateKey>
<indexColumnUsage>
<colUsage columnID="3B26247D-6127-055F-2B87-25068AD60945"/>
</indexColumnUsage>
</ind_PK_UK>
<ind_PK_UK id="6FAEDE4C-3AD8-7B7D-7F59-B8C0EE3F31FB" name="T_VB_CONSULTA_T_VB_MEDICO_FK">
<createdBy>labsfiap</createdBy>
<createdTime>2025-05-20 12:46:36 UTC</createdTime>
<generatorID>92DD23A2-B366-0FF8-DAB4-430421687E50</generatorID>
<ownerDesignName>bancodedados</ownerDesignName>
<indexState>Foreign Key</indexState>
<isSurrogateKey>false</isSurrogateKey>
<indexColumnUsage>
<colUsage columnID="9DA11853-03C7-8430-2B9E-0B8AA85389EB"/>
</indexColumnUsage>
</ind_PK_UK>
<ind_PK_UK id="F5F54B7A-CDA9-125B-697E-86FF8392A08C" name="T_VB_CONSULTA_T_VB_PACIENTE_FK">
<createdBy>labsfiap</createdBy>
<createdTime>2025-05-20 12:46:36 UTC</createdTime>
<generatorID>A81A89AB-9054-C8F5-091B-51E14AF6626A</generatorID>
<ownerDesignName>bancodedados</ownerDesignName>
<indexState>Foreign Key</indexState>
<isSurrogateKey>false</isSurrogateKey>
<indexColumnUsage>
<colUsage columnID="E8DEB6C0-430D-EF4A-98CE-26217AC3D9DC"/>
</indexColumnUsage>
</ind_PK_UK>
</indexes>
</Table>
