<?xml version = '1.0' encoding = 'UTF-8'?>
<Table class="oracle.dbtools.crest.model.design.relational.Table" directorySegmentName="seg_0" id="7AE198AD-3F43-E778-5A68-E62C9073FCFC" name="T_VB_LEMBRETE">
<createdBy>labsfiap</createdBy>
<createdTime>2025-05-20 12:46:36 UTC</createdTime>
<generatorID>6780F8E6-9254-A442-6BC1-D299134BC154</generatorID>
<ownerDesignName>bancodedados</ownerDesignName>
<allowColumnReorder>false</allowColumnReorder>
<existDependencyGenerateInDDl>true</existDependencyGenerateInDDl>
<parsed>true</parsed>
<columns itemClass="oracle.dbtools.crest.model.design.relational.Column">
<Column name="id_lembrete" id="25BD811C-9515-BBB6-F869-E595DE70AFF8">
<createdBy>labsfiap</createdBy>
<createdTime>2025-05-20 12:46:36 UTC</createdTime>
<generatorID>AB0F26B4-B36A-4DA0-F7B8-12AE450B9532</generatorID>
<ownerDesignName>bancodedados</ownerDesignName>
<useDomainConstraints>false</useDomainConstraints>
<use>1</use>
<logicalDatatype>LOGDT019</logicalDatatype>
<dataTypePrecision>10</dataTypePrecision>
<ownDataTypeParameters>,10,</ownDataTypeParameters>
<autoIncrementCycle>false</autoIncrementCycle>
</Column>
<Column name="T_VB_CONSULTA_id_consulta" id="876DA12C-64F0-DA00-4E4A-800B237350FE">
<createdBy>labsfiap</createdBy>
<createdTime>2025-05-20 12:46:36 UTC</createdTime>
<generatorID>78FD1A8C-ED39-6427-CA16-E3DB46C33E14</generatorID>
<ownerDesignName>bancodedados</ownerDesignName>
<useDomainConstraints>false</useDomainConstraints>
<use>1</use>
<logicalDatatype>LOGDT019</logicalDatatype>
<dataTypePrecision>10</dataTypePrecision>
<ownDataTypeParameters>,,</ownDataTypeParameters>
<previousColumn>false</previousColumn>
<autoIncrementCycle>false</autoIncrementCycle>
<associations>
<colAssociation fkAssociation="CADF81C3-BF6A-9461-A827-021D8E3AE864" referredColumn="3B26247D-6127-055F-2B87-25068AD60945"/>
</associations>
</Column>
<Column name="dt_envio" id="94A2B829-EC00-5F26-2D61-CF2A2573E75A">
<createdBy>labsfiap</createdBy>
<createdTime>2025-05-20 12:46:36 UTC</createdTime>
<generatorID>69F4D2D5-6FD2-80C9-A6D4-B6DD5A46B0B9</generatorID>
<ownerDesignName>bancodedados</ownerDesignName>
<useDomainConstraints>false</useDomainConstraints>
<use>1</use>
<logicalDatatype>LOGDT007</logicalDatatype>
<ownDataTypeParameters>,,</ownDataTypeParameters>
<autoIncrementCycle>false</autoIncrementCycle>
</Column>
<Column name="tp_lembrete" id="30464337-6CB7-DF29-0E42-E47E55BB2860">
<createdBy>labsfiap</createdBy>
<createdTime>2025-05-20 12:46:36 UTC</createdTime>
<generatorID>BECDCA1E-3548-22E1-E169-0DB52B5EC051</generatorID>
<ownerDesignName>bancodedados</ownerDesignName>
<nullsAllowed>true</nullsAllowed>
<useDomainConstraints>false</useDomainConstraints>
<use>1</use>
<logicalDatatype>LOGDT024</logicalDatatype>
<dataTypeSize>20</dataTypeSize>
<ownDataTypeParameters>20,,</ownDataTypeParameters>
<autoIncrementCycle>false</autoIncrementCycle>
</Column>
<Column name="nr_whatsapp" id="19AD7032-A38B-0218-E452-50B968A565B8">
<createdBy>labsfiap</createdBy>
<createdTime>2025-05-20 12:46:36 UTC</createdTime>
<generatorID>82F179A5-AD76-20D8-1932-13E6BDE514B8</generatorID>
<ownerDesignName>bancodedados</ownerDesignName>
<useDomainConstraints>false</useDomainConstraints>
<use>1</use>
<logicalDatatype>LOGDT019</logicalDatatype>
<dataTypePrecision>20</dataTypePrecision>
<ownDataTypeParameters>,20,</ownDataTypeParameters>
<autoIncrementCycle>false</autoIncrementCycle>
</Column>
</columns>
<indexes itemClass="oracle.dbtools.crest.model.design.relational.Index">
<ind_PK_UK id="D211681A-837C-34B9-2903-B01B91C3AC13" name="T_VB_LEMBRETE_PK">
<createdBy>labsfiap</createdBy>
<createdTime>2025-05-20 12:46:36 UTC</createdTime>
<generatorID>613B3D83-B5DB-19E8-4F9F-E6ABE5CD6D3E</generatorID>
<ownerDesignName>bancodedados</ownerDesignName>
<pk>true</pk>
<indexState>Primary Constraint</indexState>
<isSurrogateKey>false</isSurrogateKey>
<indexColumnUsage>
<colUsage columnID="25BD811C-9515-BBB6-F869-E595DE70AFF8"/>
</indexColumnUsage>
</ind_PK_UK>
<ind_PK_UK id="92E41E00-871C-B58F-5627-5FF71047F6A4" name="T_VB_LEMBRETE_T_VB_CONSULTA_FK">
<createdBy>labsfiap</createdBy>
<createdTime>2025-05-20 12:46:36 UTC</createdTime>
<generatorID>57B339DD-05B7-40C5-63FE-BD31D7752C15</generatorID>
<ownerDesignName>bancodedados</ownerDesignName>
<indexState>Foreign Key</indexState>
<isSurrogateKey>false</isSurrogateKey>
<indexColumnUsage>
<colUsage columnID="876DA12C-64F0-DA00-4E4A-800B237350FE"/>
</indexColumnUsage>
</ind_PK_UK>
</indexes>
</Table>
