<?xml version = '1.0' encoding = 'UTF-8'?>
<Table class="oracle.dbtools.crest.model.design.relational.Table" directorySegmentName="seg_0" id="B274A8C2-85C3-E3E0-20AC-4B19ABFDB38C" name="T_VB_ESPECIALIDADE">
<createdBy>labsfiap</createdBy>
<createdTime>2025-05-20 12:46:36 UTC</createdTime>
<generatorID>3471428B-D85F-C7F4-6F7F-71664A3B84FC</generatorID>
<ownerDesignName>bancodedados</ownerDesignName>
<allowColumnReorder>false</allowColumnReorder>
<existDependencyGenerateInDDl>true</existDependencyGenerateInDDl>
<parsed>true</parsed>
<columns itemClass="oracle.dbtools.crest.model.design.relational.Column">
<Column name="id_especialidade" id="4F6EF9D8-5199-4CE0-8433-8B03B8179648">
<createdBy>labsfiap</createdBy>
<createdTime>2025-05-20 12:46:36 UTC</createdTime>
<generatorID>599C8D70-9FDD-EC5F-E142-175B978EEB54</generatorID>
<ownerDesignName>bancodedados</ownerDesignName>
<useDomainConstraints>false</useDomainConstraints>
<use>1</use>
<logicalDatatype>LOGDT019</logicalDatatype>
<ownDataTypeParameters>,,</ownDataTypeParameters>
<autoIncrementCycle>false</autoIncrementCycle>
</Column>
<Column name="T_VB_MEDICO_id_medico" id="9083E50A-FFA3-1E4B-37DF-60901E3D2879">
<createdBy>labsfiap</createdBy>
<createdTime>2025-05-20 12:46:36 UTC</createdTime>
<generatorID>9271FBE9-BF8E-F18F-CF14-7BC8CB62C45E</generatorID>
<ownerDesignName>bancodedados</ownerDesignName>
<useDomainConstraints>false</useDomainConstraints>
<use>1</use>
<logicalDatatype>LOGDT019</logicalDatatype>
<dataTypePrecision>10</dataTypePrecision>
<ownDataTypeParameters>,,</ownDataTypeParameters>
<previousColumn>false</previousColumn>
<autoIncrementCycle>false</autoIncrementCycle>
<associations>
<colAssociation fkAssociation="BEDDE97D-66F0-A722-CA42-086DA5764D32" referredColumn="B45DCC35-2051-D3A9-ED26-BDA2F742A069"/>
</associations>
</Column>
<Column name="dt_formacao" id="2D95E2CF-43FA-F6FA-FE75-9F4B14E6AC18">
<createdBy>labsfiap</createdBy>
<createdTime>2025-05-20 12:46:36 UTC</createdTime>
<generatorID>EBC949FB-6D8B-38EB-9388-C39C94AA55B4</generatorID>
<ownerDesignName>bancodedados</ownerDesignName>
<nullsAllowed>true</nullsAllowed>
<useDomainConstraints>false</useDomainConstraints>
<use>1</use>
<logicalDatatype>LOGDT007</logicalDatatype>
<ownDataTypeParameters>,,</ownDataTypeParameters>
<autoIncrementCycle>false</autoIncrementCycle>
</Column>
<Column name="ds_titulo" id="7964D6E8-3610-57EB-121B-235CA080C7EB">
<createdBy>labsfiap</createdBy>
<createdTime>2025-05-20 12:46:36 UTC</createdTime>
<generatorID>E39A788C-575C-DCAE-B022-B93018C87E6C</generatorID>
<ownerDesignName>bancodedados</ownerDesignName>
<nullsAllowed>true</nullsAllowed>
<useDomainConstraints>false</useDomainConstraints>
<use>1</use>
<logicalDatatype>LOGDT024</logicalDatatype>
<dataTypeSize>100</dataTypeSize>
<ownDataTypeParameters>100,,</ownDataTypeParameters>
<autoIncrementCycle>false</autoIncrementCycle>
</Column>
<Column name="ds_historico" id="2F3AD610-2D8E-F690-7121-8606E183B6CF">
<createdBy>labsfiap</createdBy>
<createdTime>2025-05-20 12:46:36 UTC</createdTime>
<generatorID>50DBCDD6-4803-DEAE-8EEE-51BB7402A4CC</generatorID>
<ownerDesignName>bancodedados</ownerDesignName>
<useDomainConstraints>false</useDomainConstraints>
<use>1</use>
<logicalDatatype>LOGDT024</logicalDatatype>
<ownDataTypeParameters>,,</ownDataTypeParameters>
<autoIncrementCycle>false</autoIncrementCycle>
</Column>
</columns>
<indexes itemClass="oracle.dbtools.crest.model.design.relational.Index">
<ind_PK_UK id="0598C929-C409-330C-2307-A0021F9CBC0E" name="T_VB_ESPECIALIDADE_PK">
<createdBy>labsfiap</createdBy>
<createdTime>2025-05-20 12:46:36 UTC</createdTime>
<generatorID>F9DF82F6-2885-A848-D5ED-61A693487F9C</generatorID>
<ownerDesignName>bancodedados</ownerDesignName>
<pk>true</pk>
<indexState>Primary Constraint</indexState>
<isSurrogateKey>false</isSurrogateKey>
<indexColumnUsage>
<colUsage columnID="4F6EF9D8-5199-4CE0-8433-8B03B8179648"/>
</indexColumnUsage>
</ind_PK_UK>
<ind_PK_UK id="9447E48E-B34F-E91D-E515-3E0399885446" name="T_VB_ESPECIALIDADE_T_VB_MEDICO_FK">
<createdBy>labsfiap</createdBy>
<createdTime>2025-05-20 12:46:36 UTC</createdTime>
<generatorID>5888A7BB-64C3-05CC-D0AC-4691FF83F179</generatorID>
<ownerDesignName>bancodedados</ownerDesignName>
<indexState>Foreign Key</indexState>
<isSurrogateKey>false</isSurrogateKey>
<indexColumnUsage>
<colUsage columnID="9083E50A-FFA3-1E4B-37DF-60901E3D2879"/>
</indexColumnUsage>
</ind_PK_UK>
</indexes>
</Table>
