<?xml version = '1.0' encoding = 'UTF-8'?>
<FKIndexAssociation class="oracle.dbtools.crest.model.design.relational.FKIndexAssociation" directorySegmentName="seg_0" id="2F0309C6-EF9E-991B-155F-6D1F9E314170" containerWithKeyObject="04BBFA30-3345-DE16-1149-E4F6DE53E45B" localFKIndex="F5F54B7A-CDA9-125B-697E-86FF8392A08C" name="T_VB_CONSULTA_T_VB_PACIENTE_FK">
<createdBy>labsfiap</createdBy>
<createdTime>2025-05-20 12:46:36 UTC</createdTime>
<generatorID>A81A89AB-9054-C8F5-091B-51E14AF6626A</generatorID>
<ownerDesignName>bancodedados</ownerDesignName>
<referredTableLongName>T_VB_PACIENTE</referredTableLongName>
<deleteRule>NO ACTION</deleteRule>
<referredTableID>5D3B2005-A411-05A8-D49D-EC5AEDC6B332</referredTableID>
<keyObject>C3D63A79-ACE1-2648-B310-C10E361A3648</keyObject>
<referredKeyID>C3D63A79-ACE1-2648-B310-C10E361A3648</referredKeyID>
<mandatory>true</mandatory>
<refColNames>id_paciente</refColNames>
<transferable>true</transferable>
<rely>false</rely>
<columnDependencyConstraintGenerateInDDL>true</columnDependencyConstraintGenerateInDDL>
</FKIndexAssociation>
