<?xml version = '1.0' encoding = 'UTF-8'?>
<FKIndexAssociation class="oracle.dbtools.crest.model.design.relational.FKIndexAssociation" directorySegmentName="seg_0" id="30DE6D50-E3D1-ECC5-7801-E1B1E64CE147" containerWithKeyObject="04BBFA30-3345-DE16-1149-E4F6DE53E45B" localFKIndex="6FAEDE4C-3AD8-7B7D-7F59-B8C0EE3F31FB" name="T_VB_CONSULTA_T_VB_MEDICO_FK">
<createdBy>labsfiap</createdBy>
<createdTime>2025-05-20 12:46:36 UTC</createdTime>
<generatorID>92DD23A2-B366-0FF8-DAB4-430421687E50</generatorID>
<ownerDesignName>bancodedados</ownerDesignName>
<referredTableLongName>T_VB_MEDICO</referredTableLongName>
<deleteRule>NO ACTION</deleteRule>
<referredTableID>5A343700-B0CB-271D-678A-785E58FF3C04</referredTableID>
<keyObject>EE7C982A-D4BD-C136-EE6A-610CEE15BC58</keyObject>
<referredKeyID>EE7C982A-D4BD-C136-EE6A-610CEE15BC58</referredKeyID>
<mandatory>true</mandatory>
<refColNames>id_medico</refColNames>
<transferable>true</transferable>
<rely>false</rely>
<columnDependencyConstraintGenerateInDDL>true</columnDependencyConstraintGenerateInDDL>
</FKIndexAssociation>
