<?xml version = '1.0' encoding = 'UTF-8'?>
<FKIndexAssociation class="oracle.dbtools.crest.model.design.relational.FKIndexAssociation" directorySegmentName="seg_0" id="BEDDE97D-66F0-A722-CA42-086DA5764D32" containerWithKeyObject="B274A8C2-85C3-E3E0-20AC-4B19ABFDB38C" localFKIndex="9447E48E-B34F-E91D-E515-3E0399885446" name="T_VB_ESPECIALIDADE_T_VB_MEDICO_FK">
<createdBy>labsfiap</createdBy>
<createdTime>2025-05-20 12:46:36 UTC</createdTime>
<generatorID>5888A7BB-64C3-05CC-D0AC-4691FF83F179</generatorID>
<ownerDesignName>bancodedados</ownerDesignName>
<referredTableLongName>T_VB_MEDICO</referredTableLongName>
<deleteRule>NO ACTION</deleteRule>
<referredTableID>5A343700-B0CB-271D-678A-785E58FF3C04</referredTableID>
<keyObject>EE7C982A-D4BD-C136-EE6A-610CEE15BC58</keyObject>
<referredKeyID>EE7C982A-D4BD-C136-EE6A-610CEE15BC58</referredKeyID>
<mandatory>true</mandatory>
<refColNames>id_medico</refColNames>
<transferable>true</transferable>
<rely>false</rely>
<columnDependencyConstraintGenerateInDDL>true</columnDependencyConstraintGenerateInDDL>
</FKIndexAssociation>
