<?xml version = '1.0' encoding = 'UTF-8'?>
<FKIndexAssociation class="oracle.dbtools.crest.model.design.relational.FKIndexAssociation" directorySegmentName="seg_0" id="CADF81C3-BF6A-9461-A827-021D8E3AE864" containerWithKeyObject="7AE198AD-3F43-E778-5A68-E62C9073FCFC" localFKIndex="92E41E00-871C-B58F-5627-5FF71047F6A4" name="T_VB_LEMBRETE_T_VB_CONSULTA_FK">
<createdBy>labsfiap</createdBy>
<createdTime>2025-05-20 12:46:36 UTC</createdTime>
<generatorID>57B339DD-05B7-40C5-63FE-BD31D7752C15</generatorID>
<ownerDesignName>bancodedados</ownerDesignName>
<referredTableLongName>T_VB_CONSULTA</referredTableLongName>
<deleteRule>NO ACTION</deleteRule>
<referredTableID>04BBFA30-3345-DE16-1149-E4F6DE53E45B</referredTableID>
<keyObject>EB4B721B-F78B-E7D2-7638-C1FD083ADB6C</keyObject>
<referredKeyID>EB4B721B-F78B-E7D2-7638-C1FD083ADB6C</referredKeyID>
<mandatory>true</mandatory>
<refColNames>id_consulta</refColNames>
<transferable>true</transferable>
<rely>false</rely>
<columnDependencyConstraintGenerateInDDL>true</columnDependencyConstraintGenerateInDDL>
</FKIndexAssociation>
