<?xml version = '1.0' encoding = 'UTF-8'?>
<relationalModel class="oracle.dbtools.crest.model.design.relational.RelationalDesign" name="Relational_2" id="315E18F6-6F97-29AC-1531-1227354E16C2" mainViewID="4185717F-A299-16C8-ACDD-A288AB28C666">
<createdBy>labsfiap</createdBy>
<createdTime>2025-05-20 12:45:26 UTC</createdTime>
<ownerDesignName>bancodedados</ownerDesignName>
<shouldBeOpen>false</shouldBeOpen>
<selectedRDBMSSite>32076570-2523-435C-2E92-BF29817DFF70</selectedRDBMSSite>
</relationalModel>
