<?xml version = '1.0' encoding = 'UTF-8'?>
<relationalModel class="oracle.dbtools.crest.model.design.relational.RelationalDesign" name="Relational_1" id="D0196102-FF19-ED31-9967-DD10119CFB0C" mainViewID="5355B058-C748-0AF5-6E40-83E703652584">
<createdBy>Murillo</createdBy>
<createdTime>2025-05-19 19:14:43 UTC</createdTime>
<ownerDesignName>bancodedados</ownerDesignName>
<shouldBeOpen>false</shouldBeOpen>
<selectedRDBMSSite>32076570-2523-435C-2E92-BF29817DFF70</selectedRDBMSSite>
</relationalModel>