<?xml version = '1.0' encoding = 'UTF-8'?>
<Entity class="oracle.dbtools.crest.model.design.logical.Entity" directorySegmentName="seg_0" id="6780F8E6-9254-A442-6BC1-D299134BC154" name="T_VB_LEMBRETE ">
<createdBy>Murillo</createdBy>
<createdTime>2025-05-19 19:40:24 UTC</createdTime>
<ownerDesignName>bancodedados</ownerDesignName>
<engineerTo>
<item key="315E18F6-6F97-29AC-1531-1227354E16C2" value="true"/>
<item key="D0196102-FF19-ED31-9967-DD10119CFB0C" value="true"/>
</engineerTo>
<adequatelyNormalized>NO</adequatelyNormalized>
<expectedVolumes>0</expectedVolumes>
<fwdEngineeringStrategyName>Single Table</fwdEngineeringStrategyName>
<growthPercent>0</growthPercent>
<growthType>Year</growthType>
<maxVolumes>9999999</maxVolumes>
<minVolumes>0</minVolumes>
<normalForm>Third</normalForm>
<attributes itemClass="oracle.dbtools.crest.model.design.logical.Attribute">
<Attribute name="id_lembrete" id="AB0F26B4-B36A-4DA0-F7B8-12AE450B9532">
<createdBy>Murillo</createdBy>
<createdTime>2025-05-19 19:41:05 UTC</createdTime>
<ownerDesignName>bancodedados</ownerDesignName>
<engineerTo>
<item key="315E18F6-6F97-29AC-1531-1227354E16C2" value="true"/>
<item key="D0196102-FF19-ED31-9967-DD10119CFB0C" value="true"/>
</engineerTo>
<useDomainConstraints>false</useDomainConstraints>
<use>1</use>
<logicalDatatype>LOGDT019</logicalDatatype>
<dataTypePrecision>10</dataTypePrecision>
<ownDataTypeParameters>,10,</ownDataTypeParameters>
</Attribute>
<Attribute name="id_consulta1" id="78FD1A8C-ED39-6427-CA16-E3DB46C33E14">
<createdBy>Murillo</createdBy>
<createdTime>2025-05-19 20:28:37 UTC</createdTime>
<generatorID>57B339DD-05B7-40C5-63FE-BD31D7752C15</generatorID>
<ownerDesignName>bancodedados</ownerDesignName>
<engineerTo>
<item key="315E18F6-6F97-29AC-1531-1227354E16C2" value="true"/>
<item key="D0196102-FF19-ED31-9967-DD10119CFB0C" value="true"/>
</engineerTo>
<referedAttribute>C272BFD9-5D51-CD75-2A83-7025F040BDC4</referedAttribute>
<useDomainConstraints>false</useDomainConstraints>
<use>1</use>
<logicalDatatype>LOGDT019</logicalDatatype>
<dataTypePrecision>10</dataTypePrecision>
<ownDataTypeParameters>,,</ownDataTypeParameters>
</Attribute>
<Attribute name="dt_envio" id="69F4D2D5-6FD2-80C9-A6D4-B6DD5A46B0B9">
<createdBy>Murillo</createdBy>
<createdTime>2025-05-19 19:41:37 UTC</createdTime>
<ownerDesignName>bancodedados</ownerDesignName>
<engineerTo>
<item key="315E18F6-6F97-29AC-1531-1227354E16C2" value="true"/>
<item key="D0196102-FF19-ED31-9967-DD10119CFB0C" value="true"/>
</engineerTo>
<useDomainConstraints>false</useDomainConstraints>
<use>1</use>
<logicalDatatype>LOGDT007</logicalDatatype>
<ownDataTypeParameters>,,</ownDataTypeParameters>
</Attribute>
<Attribute name="tp_lembrete" id="BECDCA1E-3548-22E1-E169-0DB52B5EC051">
<createdBy>Murillo</createdBy>
<createdTime>2025-05-19 19:41:51 UTC</createdTime>
<ownerDesignName>bancodedados</ownerDesignName>
<engineerTo>
<item key="315E18F6-6F97-29AC-1531-1227354E16C2" value="true"/>
<item key="D0196102-FF19-ED31-9967-DD10119CFB0C" value="true"/>
</engineerTo>
<nullsAllowed>true</nullsAllowed>
<useDomainConstraints>false</useDomainConstraints>
<use>1</use>
<logicalDatatype>LOGDT024</logicalDatatype>
<dataTypeSize>20</dataTypeSize>
<ownDataTypeParameters>20,,</ownDataTypeParameters>
</Attribute>
<Attribute name="nr_whatsapp" id="82F179A5-AD76-20D8-1932-13E6BDE514B8">
<createdBy>Murillo</createdBy>
<createdTime>2025-05-19 19:44:59 UTC</createdTime>
<ownerDesignName>bancodedados</ownerDesignName>
<engineerTo>
<item key="315E18F6-6F97-29AC-1531-1227354E16C2" value="true"/>
<item key="D0196102-FF19-ED31-9967-DD10119CFB0C" value="true"/>
</engineerTo>
<useDomainConstraints>false</useDomainConstraints>
<use>1</use>
<logicalDatatype>LOGDT019</logicalDatatype>
<dataTypePrecision>20</dataTypePrecision>
<ownDataTypeParameters>,20,</ownDataTypeParameters>
</Attribute>
</attributes>
<identifiers itemClass="oracle.dbtools.crest.model.design.logical.CandidateKey">
<identifier id="613B3D83-B5DB-19E8-4F9F-E6ABE5CD6D3E" name="T_VB_LEMBRETE_ENVIADO_PK">
<createdBy>Murillo</createdBy>
<createdTime>2025-05-19 19:41:13 UTC</createdTime>
<ownerDesignName>bancodedados</ownerDesignName>
<engineerTo>
<item key="315E18F6-6F97-29AC-1531-1227354E16C2" value="true"/>
<item key="D0196102-FF19-ED31-9967-DD10119CFB0C" value="false"/>
</engineerTo>
<pk>true</pk>
<usedAttributes>
<attributeRef>AB0F26B4-B36A-4DA0-F7B8-12AE450B9532</attributeRef>
</usedAttributes>
</identifier>
</identifiers>
</Entity>
