<?xml version = '1.0' encoding = 'UTF-8'?>
<Entity class="oracle.dbtools.crest.model.design.logical.Entity" directorySegmentName="seg_0" id="F4D480A8-8EC5-C75D-0253-891BDC062181" name="T_VB_PACIENTE">
<createdBy>Murillo</createdBy>
<createdTime>2025-05-19 19:25:52 UTC</createdTime>
<ownerDesignName>bancodedados</ownerDesignName>
<engineerTo>
<item key="315E18F6-6F97-29AC-1531-1227354E16C2" value="true"/>
<item key="D0196102-FF19-ED31-9967-DD10119CFB0C" value="true"/>
</engineerTo>
<adequatelyNormalized>NO</adequatelyNormalized>
<expectedVolumes>0</expectedVolumes>
<fwdEngineeringStrategyName>Single Table</fwdEngineeringStrategyName>
<growthPercent>0</growthPercent>
<growthType>Year</growthType>
<maxVolumes>9999999</maxVolumes>
<minVolumes>0</minVolumes>
<normalForm>Third</normalForm>
<attributes itemClass="oracle.dbtools.crest.model.design.logical.Attribute">
<Attribute name="id_paciente" id="1F0E3B4A-7A3B-CAB4-78A0-B9125266160D">
<createdBy>Murillo</createdBy>
<createdTime>2025-05-19 19:26:11 UTC</createdTime>
<ownerDesignName>bancodedados</ownerDesignName>
<engineerTo>
<item key="315E18F6-6F97-29AC-1531-1227354E16C2" value="true"/>
<item key="D0196102-FF19-ED31-9967-DD10119CFB0C" value="true"/>
</engineerTo>
<useDomainConstraints>false</useDomainConstraints>
<use>1</use>
<logicalDatatype>LOGDT019</logicalDatatype>
<dataTypePrecision>10</dataTypePrecision>
<ownDataTypeParameters>,10,</ownDataTypeParameters>
</Attribute>
<Attribute name="nm_paciente" id="C9BF4AEA-9A1A-0DF2-4432-CF9BAEFE0BE6">
<createdBy>Murillo</createdBy>
<createdTime>2025-05-19 19:27:02 UTC</createdTime>
<ownerDesignName>bancodedados</ownerDesignName>
<engineerTo>
<item key="315E18F6-6F97-29AC-1531-1227354E16C2" value="true"/>
<item key="D0196102-FF19-ED31-9967-DD10119CFB0C" value="true"/>
</engineerTo>
<useDomainConstraints>false</useDomainConstraints>
<use>1</use>
<logicalDatatype>LOGDT024</logicalDatatype>
<dataTypeSize>100</dataTypeSize>
<ownDataTypeParameters>100,,</ownDataTypeParameters>
</Attribute>
<Attribute name="nr_cpf" id="A23518E6-995A-EAD6-8210-08CA7578FA91">
<createdBy>Murillo</createdBy>
<createdTime>2025-05-19 19:30:34 UTC</createdTime>
<ownerDesignName>bancodedados</ownerDesignName>
<engineerTo>
<item key="315E18F6-6F97-29AC-1531-1227354E16C2" value="true"/>
<item key="D0196102-FF19-ED31-9967-DD10119CFB0C" value="true"/>
</engineerTo>
<useDomainConstraints>false</useDomainConstraints>
<use>1</use>
<logicalDatatype>LOGDT019</logicalDatatype>
<dataTypePrecision>11</dataTypePrecision>
<ownDataTypeParameters>,11,</ownDataTypeParameters>
</Attribute>
<Attribute name="ds_endereco" id="BF1AAA77-C59D-EC70-52A8-0CCA19582E03">
<createdBy>Murillo</createdBy>
<createdTime>2025-05-19 19:31:04 UTC</createdTime>
<ownerDesignName>bancodedados</ownerDesignName>
<engineerTo>
<item key="315E18F6-6F97-29AC-1531-1227354E16C2" value="true"/>
<item key="D0196102-FF19-ED31-9967-DD10119CFB0C" value="true"/>
</engineerTo>
<useDomainConstraints>false</useDomainConstraints>
<use>1</use>
<logicalDatatype>LOGDT024</logicalDatatype>
<dataTypeSize>255</dataTypeSize>
<ownDataTypeParameters>255,,</ownDataTypeParameters>
</Attribute>
<Attribute name="nr_whatsapp" id="2A0A9A4C-B387-CD0D-6BCE-27CF80D8DB02">
<createdBy>Murillo</createdBy>
<createdTime>2025-05-19 19:31:46 UTC</createdTime>
<ownerDesignName>bancodedados</ownerDesignName>
<engineerTo>
<item key="315E18F6-6F97-29AC-1531-1227354E16C2" value="true"/>
<item key="D0196102-FF19-ED31-9967-DD10119CFB0C" value="true"/>
</engineerTo>
<useDomainConstraints>false</useDomainConstraints>
<use>1</use>
<logicalDatatype>LOGDT019</logicalDatatype>
<dataTypePrecision>20</dataTypePrecision>
<ownDataTypeParameters>,20,</ownDataTypeParameters>
</Attribute>
</attributes>
<identifiers itemClass="oracle.dbtools.crest.model.design.logical.CandidateKey">
<identifier id="94D8D495-A193-0DB6-58DD-6C706694FAAD" name="T_VB_PACIENTE_PK">
<createdBy>Murillo</createdBy>
<createdTime>2025-05-19 19:29:29 UTC</createdTime>
<ownerDesignName>bancodedados</ownerDesignName>
<engineerTo>
<item key="315E18F6-6F97-29AC-1531-1227354E16C2" value="true"/>
<item key="D0196102-FF19-ED31-9967-DD10119CFB0C" value="false"/>
</engineerTo>
<pk>true</pk>
<usedAttributes>
<attributeRef>1F0E3B4A-7A3B-CAB4-78A0-B9125266160D</attributeRef>
</usedAttributes>
</identifier>
</identifiers>
</Entity>
