<?xml version = '1.0' encoding = 'UTF-8'?>
<Entity class="oracle.dbtools.crest.model.design.logical.Entity" directorySegmentName="seg_0" id="F9A48AC9-63C2-EC4E-4616-97E4F5ADB228" name="T VB MEDICO">
<createdBy>Murillo</createdBy>
<createdTime>2025-05-19 19:53:41 UTC</createdTime>
<ownerDesignName>bancodedados</ownerDesignName>
<engineerTo>
<item key="315E18F6-6F97-29AC-1531-1227354E16C2" value="true"/>
<item key="D0196102-FF19-ED31-9967-DD10119CFB0C" value="true"/>
</engineerTo>
<adequatelyNormalized>NO</adequatelyNormalized>
<expectedVolumes>0</expectedVolumes>
<fwdEngineeringStrategyName>Single Table</fwdEngineeringStrategyName>
<growthPercent>0</growthPercent>
<growthType>Year</growthType>
<maxVolumes>9999999</maxVolumes>
<minVolumes>0</minVolumes>
<normalForm>Third</normalForm>
<attributes itemClass="oracle.dbtools.crest.model.design.logical.Attribute">
<Attribute name="id_medico" id="74D46FF4-514D-7E4E-9115-F3849102F68D">
<createdBy>Murillo</createdBy>
<createdTime>2025-05-19 19:53:57 UTC</createdTime>
<ownerDesignName>bancodedados</ownerDesignName>
<engineerTo>
<item key="315E18F6-6F97-29AC-1531-1227354E16C2" value="true"/>
<item key="D0196102-FF19-ED31-9967-DD10119CFB0C" value="true"/>
</engineerTo>
<useDomainConstraints>false</useDomainConstraints>
<use>1</use>
<logicalDatatype>LOGDT019</logicalDatatype>
<dataTypePrecision>10</dataTypePrecision>
<ownDataTypeParameters>,10,</ownDataTypeParameters>
</Attribute>
<Attribute name="nm_medico" id="518ADF31-CBDE-628A-A84D-CE054A854624">
<createdBy>Murillo</createdBy>
<createdTime>2025-05-19 19:54:08 UTC</createdTime>
<ownerDesignName>bancodedados</ownerDesignName>
<engineerTo>
<item key="315E18F6-6F97-29AC-1531-1227354E16C2" value="true"/>
<item key="D0196102-FF19-ED31-9967-DD10119CFB0C" value="true"/>
</engineerTo>
<useDomainConstraints>false</useDomainConstraints>
<use>1</use>
<logicalDatatype>LOGDT024</logicalDatatype>
<dataTypeSize>100</dataTypeSize>
<ownDataTypeParameters>100,,</ownDataTypeParameters>
</Attribute>
<Attribute name="nr_cpf" id="A4096F20-BE33-3E2B-E93E-AB763C2D44A0">
<createdBy>Murillo</createdBy>
<createdTime>2025-05-19 19:54:53 UTC</createdTime>
<ownerDesignName>bancodedados</ownerDesignName>
<engineerTo>
<item key="315E18F6-6F97-29AC-1531-1227354E16C2" value="true"/>
<item key="D0196102-FF19-ED31-9967-DD10119CFB0C" value="true"/>
</engineerTo>
<useDomainConstraints>false</useDomainConstraints>
<use>1</use>
<logicalDatatype>LOGDT019</logicalDatatype>
<dataTypePrecision>11</dataTypePrecision>
<ownDataTypeParameters>,11,</ownDataTypeParameters>
</Attribute>
<Attribute name="ds_especialista" id="BE966CF4-B18A-FB1E-9715-F7C7382FB36A">
<createdBy>Murillo</createdBy>
<createdTime>2025-05-19 20:18:35 UTC</createdTime>
<generatorID>2DF1748D-9395-D000-EEAF-453685B8FBE7</generatorID>
<ownerDesignName>bancodedados</ownerDesignName>
<engineerTo>
<item key="315E18F6-6F97-29AC-1531-1227354E16C2" value="true"/>
<item key="D0196102-FF19-ED31-9967-DD10119CFB0C" value="true"/>
</engineerTo>
<useDomainConstraints>false</useDomainConstraints>
<use>1</use>
<logicalDatatype>LOGDT024</logicalDatatype>
<dataTypeSize>100</dataTypeSize>
<ownDataTypeParameters>100,,</ownDataTypeParameters>
</Attribute>
</attributes>
<identifiers itemClass="oracle.dbtools.crest.model.design.logical.CandidateKey">
<identifier id="2F3D8989-47E5-9447-2E85-8EAA5C2300EC" name="T_VB_MEDICO_PK">
<createdBy>Murillo</createdBy>
<createdTime>2025-05-19 19:54:06 UTC</createdTime>
<ownerDesignName>bancodedados</ownerDesignName>
<engineerTo>
<item key="315E18F6-6F97-29AC-1531-1227354E16C2" value="true"/>
<item key="D0196102-FF19-ED31-9967-DD10119CFB0C" value="false"/>
</engineerTo>
<pk>true</pk>
<usedAttributes>
<attributeRef>74D46FF4-514D-7E4E-9115-F3849102F68D</attributeRef>
</usedAttributes>
</identifier>
</identifiers>
</Entity>
